{
	"method": "FDTD",
	"engin": "cupy",
	"time_steps": 5000,
	"courant": 0.25,
	"length_unit": 1e-06,
	"freq_unit": 1000000000000.0,
	"dt": 8.539240837072692e-15,
	"Nx": 50,
	"Ny": 50,
	"Nz": 50,
	"dx": 1.44e-05,
	"dy": 1.024e-05,
	"dz": 1.024e-05,
	"pml": {
		"x": "+-",
		"y": "",
		"z": ""
	},
	"pml_thick": 10,
	"bbc": {
		"x": false,
		"y": false,
		"z": false
	},
	"pbc": {
		"x": false,
		"y": true,
		"z": true
	},
	"source": "Gaussian",
	"source_parameters": {
		"wvc": 9.999999999999999e-05,
		"w0": 18836515673088.53,
		"interval": 0.2,
		"spread": 0.08,
		"peak_pos": 2000,
		"ws": 1506921253847.0825
	},
	"savedir": "~/SHPF/graph/simple_2slab_FDTD/0720um0512um0512um_0050_0050_0050_0005000_100um_200um_100um/"
}